{"count":1,"self":7.0049671999999994,"total":14.7376366,"children":{"InitializeActuators":{"count":40,"self":0.0030231,"total":0.0030231,"children":null},"InitializeSensors":{"count":40,"self":0.0085890999999999988,"total":0.0085890999999999988,"children":null},"AgentSendState":{"count":325,"self":0.62889129999999993,"total":0.73202459999999991,"children":{"CollectObservations":{"count":4360,"self":0.031136499999999998,"total":0.031136499999999998,"children":null},"WriteActionMask":{"count":4360,"self":0.018754399999999997,"total":0.018754399999999997,"children":null},"RequestDecision":{"count":4360,"self":0.053242399999999995,"total":0.053242399999999995,"children":null}}},"DecideAction":{"count":325,"self":2.2599275999999997,"total":6.986034,"children":{"RayPerceptionSensor.Perceive":{"count":710680,"self":4.7261064,"total":4.7261063,"children":null}}}},"gauges":{},"metadata":{"timer_format_version":"0.1.0","start_time_seconds":"1681309590","unity_version":"2021.3.11f1","command_line_arguments":"C:\\Program Files\\Unity\\Hub\\Editor\\2021.3.11f1\\Editor\\Unity.exe -projectpath E:\\game\\game -useHub -hubIPC -cloudEnvironment production -licensingIpc LicenseClient-eviatar -hubSessionId d1b5e1c0-d7af-11ed-9b0e-29d91a941093 -accessToken iFEexOVVN85hjQTcH4kDpZ39hGo_H96tpAGeTeNbshk011f","communication_protocol_version":"1.5.0","com.unity.ml-agents_version":"2.0.1","scene_name":"Trinnig","end_time_seconds":"1681309604"}}